NexPond-359781	-36.09714	-31.703926
NexPond-359877	-35.9238	-32.097725
NexPond-360361	-36.224125	-31.768791
NexPond-360457	-36.25937	-31.646675
NexPond-361337	-36.699326	-31.47476
NexPond-361433	-35.59965	-32.25773
NexPond-362428	-36.64281	-31.550642
NexPond-363907	-52.52894	-29.159035
NexPond-364464	-45.09183	-25.92467
NexPond-371834	-56.352882	-25.194838
NexPond-372754	-58.67165	-16.884554
NexPond-373158	-55.794052	-16.9462
NexPond-373922	-52.308075	-7.8574524
NexPond-375034	-56.84432	-21.547304
NexPond-375474	-53.69476	-7.4565578
NexPond-375570	-50.67823	-4.801599
NexPond-376014	-50.388004	-8.607793
NexPond-376110	-56.55936	-15.388601
NexPond-376734	-50.6727	-7.2949753
NexPond-377582	-57.516136	-20.635227
NexPond-377598	-57.925343	-13.650779
NexPond-379118	-57.148792	-10.310362
NexPond-379214	-57.727448	-19.553322
NexPond-379543	-55.79998	-23.618586
NexPond-379639	-55.34348	-25.649502
NexPond-380335	-58.023144	-18.423351
NexPond-380431	-47.533703	-4.6323013
NexPond-380536	-57.143482	-10.94834
NexPond-381057	-56.924805	-11.22782
NexPond-381153	-57.27901	-21.733082
NexPond-381514	-53.17435	-7.6315093
NexPond-381610	-55.24328	-9.898723
NexPond-381714	-50.76675	-5.9244237
NexPond-381810	-54.074196	-7.814742
NexPond-382095	-50.715443	-5.3248715
NexPond-382191	-53.05898	-8.16061
NexPond-382684	-53.707638	-8.825168
NexPond-382780	-50.234013	-4.898044
NexPond-383050	-49.41103	-4.7957964
NexPond-383146	-52.436497	-6.823929
NexPond-383320	-58.239475	-12.780441
NexPond-383416	-59.363094	-11.852526
NexPond-383513	-54.103836	-9.436534
NexPond-383609	-55.712517	-15.0010395
NexPond-384114	-57.255386	-23.397596
NexPond-384210	-59.454697	-19.101173
NexPond-384498	-59.77243	-17.468712
NexPond-384594	-59.691635	-11.083011
NexPond-384694	-59.489113	-12.7272415
NexPond-384790	-58.882565	-12.547301
NexPond-385294	-48.830532	-4.7656107
NexPond-385390	-60.185677	-13.029984
NexPond-385972	-57.273308	-16.676807
NexPond-386068	-53.569935	-11.07085
NexPond-386578	-52.484818	-5.404764
NexPond-386674	-57.092308	-17.151829
NexPond-387140	-52.605583	-6.295829
NexPond-387236	-52.873493	-5.9196587
NexPond-387332	-59.223465	-18.031406
NexPond-387428	-58.33636	-12.959352
NexPond-387628	-52.873436	-7.6621842
NexPond-387724	-52.33883	-5.9740324
NexPond-387976	-57.016064	-16.416552
NexPond-388072	-58.115242	-22.358053
NexPond-388168	-56.39462	-16.20757
NexPond-388264	-54.779472	-23.190899
NexPond-388694	-56.26629	-7.35154
NexPond-391002	-53.259758	-9.283961
NexPond-391098	-49.476395	-5.496462
NexPond-391382	-55.931366	-9.317721
NexPond-391478	-58.54704	-15.466595
NexPond-391586	-51.405807	-4.9104548
NexPond-391682	-55.16752	-11.044848
NexPond-392196	-57.431313	-14.701867
NexPond-392292	-50.952362	-9.298812
NexPond-392394	-55.156723	-9.097976
NexPond-392966	-51.11081	-9.878459
NexPond-393370	-57.88253	-17.035566
NexPond-393466	-55.183132	-16.621521
NexPond-393562	-51.468983	-5.338304
NexPond-394034	-49.51208	-29.745968
NexPond-394130	-48.103912	-12.755333
NexPond-394574	-51.498665	-29.34074
NexPond-394670	-48.081356	-13.429531
NexPond-394801	-55.5541	-16.101955
NexPond-394897	-53.613792	-11.176095
NexPond-394993	-53.39761	-27.144062
NexPond-395089	-56.0702	-7.5122633
NexPond-395153	-48.554497	-13.664346
NexPond-395249	-69.30332	-15.813627
NexPond-395474	-55.870758	-13.248198
NexPond-395570	-54.69042	-8.312942
NexPond-395771	-55.40389	-8.682454
NexPond-395867	-53.5451	-13.618957
NexPond-396054	-46.494404	-30.279236
NexPond-396150	-46.348495	-25.225412
NexPond-396536	-55.65478	-25.402348
NexPond-396632	-56.300705	-25.050198
NexPond-396728	-50.104195	-17.193485
NexPond-396824	-55.602943	-23.907768
NexPond-397572	-56.033268	-21.924778
NexPond-397668	-53.600933	-10.269397
NexPond-398199	-55.706257	-21.533972
NexPond-398295	-54.192005	-12.255474
NexPond-398391	-55.99923	-19.026423
NexPond-398487	-56.042976	-19.616049
NexPond-399107	-54.07179	-11.938142
NexPond-399203	-55.091038	-9.881976
NexPond-399299	-52.191048	-28.23966
NexPond-399395	-55.961327	-21.375969
NexPond-399747	-54.433716	-12.968786
NexPond-399843	-55.11317	-15.805171
NexPond-400651	-55.47929	-13.191123
NexPond-400747	-54.546734	-11.3712435
NexPond-401315	-48.341934	-13.883153
NexPond-401547	-40.603275	-26.974174
NexPond-401675	5.707121	-41.592445
NexPond-402323	-55.61279	-19.579174
NexPond-402419	-49.162712	-10.227891
NexPond-403090	-41.85715	-30.34596
NexPond-403186	-39.334553	-30.84018
NexPond-403282	-43.008396	-29.89834
NexPond-403378	-53.047638	-24.185558
NexPond-403455	-50.93792	-22.029686
NexPond-403651	-55.560303	-13.723655
NexPond-403747	-57.704956	-21.468058
NexPond-404126	-54.004597	-24.147463
NexPond-404222	-68.594505	-14.580832
NexPond-404510	-64.13476	-11.952393
NexPond-404606	-64.16308	-11.996492
NexPond-404971	-49.80995	-23.113007
NexPond-405067	-53.46096	-24.80422
NexPond-405359	-51.98471	5.006914
NexPond-405456	-52.303276	5.2332416
NexPond-405686	-51.734867	5.242579
NexPond-405782	-51.945023	5.060392
NexPond-405878	-52.15802	5.254163
NexPond-405974	-51.76812	4.7002053
NexPond-406186	-34.763657	-31.874304
NexPond-407080	-67.20888	-19.324333
NexPond-407474	-52.48999	-17.588575
NexPond-407570	-48.902447	-23.5505
NexPond-407882	-45.959164	-25.799799
NexPond-407978	-45.83395	-25.941378
NexPond-408074	-45.428204	-26.05556
NexPond-408170	-47.701565	-21.524237
NexPond-408286	-50.22973	-23.195108
NexPond-408382	-57.848083	-14.275405
NexPond-408478	-48.386017	-10.486894
NexPond-408574	-50.04918	-23.62559
NexPond-408802	-50.717762	-25.639183
NexPond-408898	-58.700027	-17.532824
NexPond-409092	-50.618126	-25.82111
NexPond-409188	-48.381557	-25.031708
NexPond-409386	-54.494335	-23.33933
NexPond-409482	-44.938095	-23.383535
NexPond-409580	-46.601425	-12.786163
NexPond-409676	-52.100594	-27.13816
NexPond-409772	-46.539207	-11.466608
NexPond-409868	-45.59897	-29.513063
NexPond-410132	-46.537617	-12.733793
NexPond-410228	-49.01492	-27.218748
NexPond-410606	-66.190094	-13.381544
NexPond-410653	-51.133137	-7.83126
NexPond-410749	-48.44591	-12.556726
NexPond-410845	-53.31297	-18.731932
NexPond-410945	-48.800465	-27.632004
NexPond-411041	-49.018394	-28.005655
NexPond-411356	-50.72895	-25.063862
NexPond-411452	-54.32254	-18.412298
NexPond-411548	-44.136143	-26.955334
NexPond-411647	-47.23391	-13.6987705
NexPond-411743	-48.502224	-24.32786
NexPond-411839	-53.78203	-18.638628
NexPond-411935	-55.139717	-17.146332
NexPond-412438	-46.604603	-12.378461
NexPond-412533	-45.46009	-31.218239
NexPond-412630	-40.093178	-29.040962
NexPond-412726	-50.88706	-12.2185545
NexPond-412967	-51.7584	-12.101052
NexPond-413063	-50.368168	-12.412186
NexPond-413159	-51.84535	-12.208365
NexPond-413255	-51.711338	-17.465754
NexPond-413602	-51.338287	-23.882399
NexPond-413698	-51.69331	-24.662895
NexPond-413794	-45.13212	-31.002422
NexPond-414053	-42.929207	-28.17978
NexPond-414149	-40.64534	-25.710653
NexPond-414245	-47.089943	-27.608864
NexPond-414341	-41.66379	-27.528635
NexPond-414626	-47.95835	-28.358751
NexPond-414722	-49.854855	-26.713856
NexPond-414818	-47.552082	-29.659458
NexPond-414914	-40.25418	-27.905788
NexPond-415277	-48.85101	-21.569073
NexPond-415373	-49.795273	-23.843279
NexPond-415606	-50.181927	-28.097702
NexPond-415702	-49.8811	-27.079338
NexPond-415798	-35.228054	-27.990831
NexPond-415894	-66.64866	-13.760189
NexPond-416107	-54.242558	-23.889057
NexPond-416201	-67.10303	-17.816444
NexPond-416297	-68.47705	-14.819631
NexPond-416393	-66.1816	-12.416008
NexPond-416726	-63.70937	-17.506098
NexPond-416822	-63.730865	-17.513502
NexPond-416918	-66.98934	-15.955663
NexPond-417014	-64.30394	-17.493677
NexPond-417266	-64.51009	-18.372507
NexPond-417362	-66.23871	-16.648985
NexPond-418291	-65.7487	-16.311749
NexPond-418387	-42.331997	-26.455828
NexPond-418483	-48.413647	-7.031797
NexPond-418735	-41.676132	-27.283731
NexPond-418831	-47.44943	-26.729948
NexPond-418927	-48.596024	-26.508919
NexPond-419023	-40.45553	-23.445517
NexPond-419246	-42.152367	-26.32668
NexPond-419342	-46.12915	-28.367294
NexPond-419438	-65.59596	-19.336363
NexPond-420006	-41.52577	-25.586208
NexPond-420102	-47.25108	-19.390778
NexPond-420198	-43.001522	-26.917099
NexPond-420294	-41.08518	-29.282722
NexPond-420506	-47.16699	-20.336693
NexPond-420602	-40.832687	-29.161898
NexPond-420698	-46.381466	-31.373632
NexPond-420794	-66.5362	-20.193893
NexPond-421066	-67.21026	-20.270472
NexPond-421149	-43.246277	-27.356627
NexPond-421245	-38.757153	-29.562681
NexPond-421646	-40.229256	-29.310755
NexPond-421742	-45.129875	-28.906565
NexPond-421838	-38.900204	-27.042099
NexPond-421934	-42.579597	-26.300013
NexPond-422206	-40.763626	-30.21597
NexPond-422302	-50.445026	-27.240053
NexPond-422486	-42.250076	-27.778048
NexPond-422582	-66.39306	-11.759762
NexPond-422678	-40.540707	-32.74666
NexPond-422774	-41.830544	-27.581898
NexPond-423046	15.382942	-44.57284
NexPond-423141	-1.2786475	-41.223614
NexPond-423726	-6.24925	-44.813538
NexPond-423822	-7.2605944	-44.36216
NexPond-423918	-42.00795	-28.68355
NexPond-424014	-65.426674	-19.746168
NexPond-424114	-1.2520818	-39.400417
NexPond-424210	15.6953335	-44.589703
NexPond-424326	-65.56263	-14.467317
NexPond-424422	-65.66039	-14.462771
NexPond-424518	-66.77374	-17.420462
NexPond-424786	-66.05717	-19.77367
NexPond-424882	-67.52471	-18.507242
NexPond-425182	-67.717636	-18.49513
NexPond-425278	-65.23734	-18.142845
NexPond-425570	-68.06011	-18.416893
NexPond-425658	-65.87108	-14.406085
NexPond-425904	-66.38366	-18.810816
NexPond-426000	-66.61113	-18.891068
NexPond-426096	-65.931175	-17.715256
NexPond-427906	-36.379574	-29.04333
NexPond-428001	-35.889465	-30.483046
NexPond-428097	-35.217068	-26.05433
NexPond-428153	-35.224274	-26.211546
NexPond-428446	-35.98747	-30.164951
NexPond-429398	-38.78362	-32.195892
NexPond-429706	-41.201912	-31.073313
NexPond-429802	-43.98442	-23.609678
NexPond-429956	27.770113	-11.221248
NexPond-430346	-43.171406	-23.437912
NexPond-430442	-47.823868	-27.12126
NexPond-430538	-48.009422	-26.33433
NexPond-430634	-53.159447	-16.543531
NexPond-431166	-50.446056	-20.25194
NexPond-431262	-68.39986	-15.577957
NexPond-431358	-53.087704	-13.988279
NexPond-431454	-47.548523	-4.924927
NexPond-431738	-42.916874	-24.460909
NexPond-431831	-65.836586	-18.83232
NexPond-432126	-65.24213	-17.525143
NexPond-432222	-65.11548	-18.554
NexPond-432318	-48.563843	-19.882334
NexPond-432414	-49.848076	-18.423523
NexPond-432686	-67.48657	-16.186995
NexPond-432782	-48.813663	-18.508741
NexPond-432878	-52.37822	-22.04384
NexPond-432974	-61.449543	-13.7342415
NexPond-433362	-49.986317	-17.757572
NexPond-433458	-54.184467	-16.69335
NexPond-433650	-55.37246	-21.687248
NexPond-433849	-53.589	-22.708023
NexPond-433945	-59.055088	-15.829787
NexPond-434041	-52.444572	-20.16422
NexPond-434137	-52.53326	-21.248007
NexPond-434582	-51.447777	-19.23694
NexPond-434678	-52.374413	-10.011506
NexPond-435500	-0.09583737	-38.615944
NexPond-435596	-0.020524327	-37.794415
NexPond-435882	-2.9630013	-40.77649
NexPond-435978	-2.4619257	-41.478344
NexPond-436126	-52.311108	-20.06411
NexPond-436222	-49.43663	-14.002056
NexPond-436318	-46.644043	-10.709487
NexPond-436414	-52.711708	-21.569
NexPond-436706	-51.329735	-20.236902
NexPond-436802	-46.457993	-11.072474
NexPond-436898	-47.346214	-11.695608
NexPond-436994	-47.510468	-28.917019
NexPond-437286	-53.39995	-21.772963
NexPond-437382	-48.15833	-18.73678
NexPond-437478	-52.024433	-20.675669
NexPond-437574	-52.74023	-27.33075
NexPond-437966	-53.258804	-19.70993
NexPond-438062	-47.3928	-30.98464
NexPond-438158	-48.18276	-30.215807
NexPond-438254	-51.466328	-18.874954
NexPond-438546	-46.51909	-9.737309
NexPond-438642	-47.01299	-18.175705
NexPond-438738	-45.37488	-11.009358
NexPond-438834	-45.57998	-12.253025
NexPond-439226	-39.850006	-31.654573
NexPond-439322	-46.787243	-17.409552
NexPond-439418	-52.167183	-13.879632
NexPond-439514	-45.92601	-29.926628
NexPond-439866	-2.1674974	-41.82685
NexPond-439962	2.218597	-39.60644
NexPond-440058	0.8108657	-39.29388
NexPond-440566	-46.476997	-3.2449515
NexPond-440662	5.412877	-46.056572
NexPond-440846	-2.2979589	-43.972664
NexPond-440942	-46.383175	-3.2870295
NexPond-441038	-0.04745202	-37.72347
NexPond-441134	-46.259792	-3.3549516
NexPond-441706	-43.98838	-32.01138
NexPond-441802	-41.032608	-32.53822
NexPond-441898	-42.909683	-33.488033
NexPond-441994	-40.6592	-32.578163
NexPond-442306	-46.06257	-33.591164
NexPond-442402	-46.807568	-32.629288
NexPond-442498	-45.15577	-9.691955
NexPond-442594	-47.18387	-5.3065524
NexPond-442941	-46.980618	-32.424206
NexPond-443037	-42.482372	-31.950933
NexPond-443133	-42.811314	-29.902601
NexPond-443229	-50.51938	-31.801851
NexPond-443346	-46.655117	-32.880394
NexPond-443442	-42.252026	-31.391176
NexPond-443538	-43.323868	-31.066452
NexPond-443998	-45.812534	-9.374756
NexPond-444094	-45.25594	-10.822986
NexPond-444190	-42.22385	-31.81268
NexPond-444286	-43.427437	-32.062195
NexPond-444666	1.7635821	-41.69236
NexPond-444762	5.341538	-45.305286
NexPond-444858	2.808231	-45.85618
NexPond-444954	16.045958	-45.45576
NexPond-445298	1.0850896	-44.2104
NexPond-445394	5.503728	-45.241344
NexPond-445748	4.0003443	-39.106655
NexPond-445844	1.258559	-43.67533
NexPond-446070	-48.99606	-6.120627
NexPond-446159	-42.382942	-31.098812
NexPond-446253	-47.53901	-23.673153
NexPond-446446	10.984059	-45.056644
NexPond-446541	3.1972125	-46.071644
NexPond-446643	2.9757395	-42.81525
NexPond-446739	0.15999022	-41.370205
NexPond-447046	7.2189617	-46.50505
NexPond-447142	15.211554	-46.627205
NexPond-447406	10.804183	-31.955072
NexPond-447502	2.2006464	-44.078655
NexPond-447598	6.1706476	-35.012707
NexPond-447694	2.4795148	-42.744495
NexPond-447890	1.3659989	-46.632404
NexPond-447986	10.321918	-31.842693
NexPond-448082	3.3694017	-37.715763
NexPond-448178	12.470279	-45.37026
NexPond-448406	4.9474206	-43.493546
NexPond-448502	2.4998486	-42.07308
NexPond-448598	16.316051	-45.563187
NexPond-448694	1.6671504	-41.857014
NexPond-448986	4.8194423	-45.16412
NexPond-449082	2.7470648	-43.607483
NexPond-449178	3.2177916	-45.231323
NexPond-449274	0.6039402	-40.550484
NexPond-449708	2.5657728	-37.99081
NexPond-449804	1.995725	-43.06836
NexPond-449900	2.7333403	-40.9808
NexPond-449996	0.15722308	-34.948013
NexPond-450106	7.2734656	-44.958065
NexPond-450202	7.3266134	-45.79492
NexPond-450298	6.752095	-43.67531
NexPond-450394	7.652197	-45.938644
NexPond-450566	5.1108546	-44.219635
NexPond-450662	6.982108	-43.62613
NexPond-450758	0.5985852	-43.029022
NexPond-450854	0.36601883	-42.233776
NexPond-451126	4.8619876	-44.49216
NexPond-451414	3.4166894	-40.65961
NexPond-451666	-0.20415367	-42.44655
NexPond-451762	0.26568487	-42.779366
NexPond-451954	0.70268	-39.619274
NexPond-452185	1.2647816	-39.066837
NexPond-452281	2.768507	-41.31181
NexPond-452377	2.2928162	-45.25753
NexPond-452473	15.18698	-46.5673
NexPond-452586	5.0682597	-38.262455
NexPond-452682	9.985001	-42.072308
NexPond-452778	3.8913982	-46.296154
NexPond-452874	11.5004835	-40.592804
NexPond-453292	4.447939	-40.483566
NexPond-453388	3.2258775	-44.972706
NexPond-453484	0.77088803	-42.280014
NexPond-453580	3.1397488	-39.93518
NexPond-453922	10.832839	-40.022076
NexPond-454018	3.8379378	-37.88636
NexPond-454114	3.2613275	-39.46429
NexPond-454210	2.125467	-42.06729
NexPond-454312	11.198405	6.198343
NexPond-454408	0.068903014	-34.831936
NexPond-454506	0.19061805	-34.990425
NexPond-454602	9.330024	-34.52228
NexPond-454901	-46.248234	-16.637386
NexPond-455072	8.996639	-43.61143
NexPond-455167	6.748408	-43.766514
NexPond-455263	4.3191833	-45.73439
NexPond-455362	7.638922	-36.53906
NexPond-455458	9.775009	-35.493675
NexPond-455726	9.918919	-36.02712
NexPond-455822	8.423554	-33.412193
NexPond-455918	12.601255	-23.147379
NexPond-456014	19.265339	-24.246893
NexPond-456114	7.211012	-34.622295
NexPond-456210	14.176642	-34.34068
NexPond-456306	3.0204294	-34.940403
NexPond-456402	11.353607	-23.960236
NexPond-456926	9.921551	-38.90566
NexPond-457022	8.791102	-33.21506
NexPond-457118	7.951106	-37.74128
NexPond-457214	13.488582	-38.52059
NexPond-457666	9.417241	-37.378456
NexPond-457762	10.2708025	-37.989918
NexPond-457858	17.741257	-13.899941
NexPond-457954	11.930227	-44.984547
NexPond-458366	12.362798	-44.845432
NexPond-458462	15.417993	-38.513073
NexPond-458558	17.633356	-44.344654
NexPond-458654	28.339043	-11.957001
NexPond-458966	1.3885689	-41.19411
NexPond-459158	6.798655	-46.800755
NexPond-459366	10.73023	-43.34396
NexPond-459462	4.666493	-39.210526
NexPond-459558	5.116484	-38.691315
NexPond-459654	7.8446326	-35.90301
NexPond-460046	11.982542	-42.640896
NexPond-460142	9.248735	-38.103962
NexPond-460238	5.9349256	-41.159
NexPond-460334	13.671178	-41.376423
NexPond-460466	9.353661	-41.933674
NexPond-460562	12.409319	-45.60171
NexPond-460658	9.387713	-49.21994
NexPond-460754	0.8670418	-35.595272
NexPond-461246	10.067586	-49.081318
NexPond-461342	9.391499	-49.307346
NexPond-461438	8.347272	-42.16746
NexPond-461534	16.609777	-45.181953
NexPond-461766	10.554053	-49.373386
NexPond-461862	11.055244	-48.905415
NexPond-461958	10.510859	-48.912605
NexPond-462054	10.238785	-49.16501
NexPond-462266	36.729534	13.796874
NexPond-462362	8.032577	7.0416226
NexPond-462783	7.394477	-39.316685
NexPond-462879	11.3565235	-32.169605
NexPond-462986	6.5590014	-35.971584
NexPond-463082	11.778846	-31.703012
NexPond-463178	7.1873817	-38.891033
NexPond-463274	11.219695	-41.574707
NexPond-463486	11.877447	-39.432438
NexPond-463582	12.932469	-39.70718
NexPond-463678	9.471036	-41.60317
NexPond-463763	19.711386	-24.881525
NexPond-464006	34.320435	13.025896
NexPond-464102	12.188068	-30.465534
NexPond-464198	6.4591703	-37.037125
NexPond-464292	16.720316	-12.909721
NexPond-465084	19.900824	-25.690989
NexPond-465180	14.309232	-34.37006
NexPond-465276	12.353739	-31.000162
NexPond-465372	12.260486	-31.60246
NexPond-465472	7.2782073	-35.938057
NexPond-465568	20.93075	-29.437532
NexPond-465664	16.307627	-36.484116
NexPond-465769	10.09336	-42.803314
NexPond-465865	6.5258307	-37.081284
NexPond-465961	6.1447096	-39.442646
NexPond-466057	9.36928	-39.948612
NexPond-466375	9.226604	-41.14194
NexPond-466471	3.9632568	-34.642742
NexPond-466567	33.94021	24.532053
NexPond-466662	21.340738	-29.189697
NexPond-467202	15.617012	-34.942043
NexPond-467298	16.886866	-13.108557
NexPond-467394	3.923695	-33.908768
NexPond-467490	29.881268	-35.448696
NexPond-467606	4.0310464	-33.23305
NexPond-467702	20.536484	-29.13699
NexPond-467798	21.048323	-28.175632
NexPond-467893	31.475096	-12.093484
NexPond-468126	16.905333	-38.079952
NexPond-468222	29.29841	-21.220776
NexPond-468318	44.426315	-38.85052
NexPond-468417	21.385353	-33.98413
NexPond-468514	12.966918	-44.085846
NexPond-468610	14.358342	-37.221027
NexPond-468706	16.020624	-37.20013
NexPond-468805	16.823257	-39.99369
NexPond-469319	18.812227	-34.836926
NexPond-469415	21.99603	-33.27794
NexPond-469511	13.175349	-46.44896
NexPond-469607	32.065765	-32.231968
NexPond-469766	-39.252052	-32.428913
NexPond-469810	11.55893	-42.670437
NexPond-470498	15.33788	-40.07113
NexPond-470594	19.18821	-22.329367
NexPond-470690	16.772413	-38.992805
NexPond-470786	18.97705	-34.115913
NexPond-470882	18.675615	-34.617813
NexPond-470978	20.844978	-32.613956
NexPond-471086	16.939047	-35.587646
NexPond-471182	17.177351	-37.52878
NexPond-471278	12.955923	-42.2947
NexPond-471374	20.433979	-22.981169
NexPond-471666	17.25358	-34.94364
NexPond-471762	8.698579	-33.836662
NexPond-471858	30.052694	-9.634132
NexPond-471954	29.806744	-10.578268
NexPond-472246	23.89893	-27.175083
NexPond-472342	18.205162	-29.820854
NexPond-472438	29.055183	-12.268133
NexPond-472921	19.473522	-27.699495
NexPond-473017	29.900917	-11.9058
NexPond-473113	19.888973	-28.15863
NexPond-473209	5.926622	-37.161564
NexPond-473387	21.263105	-33.875378
NexPond-473483	27.488346	-22.877289
NexPond-473579	12.231516	-42.591816
NexPond-473675	24.719683	-24.374413
NexPond-473886	20.379717	-22.194054
NexPond-473982	11.505656	-41.173256
NexPond-474078	12.715471	-45.875885
NexPond-474174	11.210567	-37.791943
NexPond-474606	20.949429	-32.539597
NexPond-474702	20.88158	-25.751932
NexPond-474798	21.418793	-28.724648
NexPond-474894	20.873625	-27.65857
NexPond-475150	24.921871	-26.809557
NexPond-475246	29.406322	-21.09958
NexPond-475342	17.744535	-35.649124
NexPond-475438	20.790955	-24.163729
NexPond-475790	18.926373	-27.761847
NexPond-475886	17.915937	-43.858997
NexPond-475978	9.149425	-34.981525
NexPond-476074	19.904888	-22.733261
NexPond-476286	25.790524	-27.340227
NexPond-476382	30.37506	-19.454815
NexPond-476478	29.682236	-21.10094
NexPond-476574	42.987534	-39.13452
NexPond-476866	22.906542	-20.856735
NexPond-476962	32.76238	-12.467151
NexPond-477058	25.684378	-26.810257
NexPond-477154	30.822824	-11.966225
NexPond-477526	50.5009	-19.827538
NexPond-477622	26.939318	-27.549633
NexPond-477718	33.876534	-32.30678
NexPond-478138	13.307179	-32.176624
NexPond-478234	21.579538	-26.5814
NexPond-478330	19.522688	-28.69272
NexPond-478426	12.411477	-25.580214
NexPond-478524	18.764374	-26.269121
NexPond-478620	12.832831	-30.999216
NexPond-478718	16.45302	-26.94353
NexPond-478814	13.058557	-27.96086
NexPond-479106	50.24075	-19.754759
NexPond-479202	19.65755	-29.627586
NexPond-479298	28.873756	-19.924124
NexPond-479394	20.960379	-25.84671
NexPond-479975	42.42392	-20.953024
NexPond-480071	23.869898	-27.320421
NexPond-480167	20.04898	-22.684992
NexPond-480530	18.038107	-29.615637
NexPond-480626	15.23199	-37.28755
NexPond-480722	17.904203	-32.97622
NexPond-480818	30.602127	-30.959753
NexPond-481246	30.069763	-20.310408
NexPond-481342	26.642483	-26.735352
NexPond-481438	28.406015	-20.833006
NexPond-481534	22.116522	-26.458206
NexPond-482026	23.416794	-25.475374
NexPond-482122	25.275755	-29.021278
NexPond-482218	14.899984	-25.387978
NexPond-482314	21.781698	-25.453165
NexPond-482970	14.365373	-23.817194
NexPond-483066	26.373396	-23.426067
NexPond-483162	30.639717	-11.979185
NexPond-483258	31.274239	-29.991035
NexPond-483506	29.693602	-29.305243
NexPond-483602	15.9763565	-29.577244
NexPond-483906	25.473654	-23.61774
NexPond-484002	29.939121	-34.051445
NexPond-484057	25.673674	-24.295834
NexPond-485886	43.21882	-38.799225
NexPond-485982	29.870104	-30.18902
NexPond-486078	15.863599	-31.632614
NexPond-486187	44.352547	-39.53673
NexPond-486766	44.456245	-39.69596
NexPond-486958	30.102318	-31.427605
NexPond-487054	24.735624	-23.648027
NexPond-487446	28.6248	-23.245846
NexPond-487542	28.947838	-30.731781
NexPond-487638	28.38114	-29.905317
NexPond-487734	27.555445	-30.624973
NexPond-488066	26.981455	-30.683815
NexPond-488162	27.702993	-23.05142
NexPond-488258	28.997301	-29.101078
NexPond-488354	26.366234	-32.442253
NexPond-488786	30.52224	-26.584034
NexPond-488881	29.354637	-28.488752
NexPond-488977	28.632763	-29.708014
NexPond-489073	26.202894	-23.485516
NexPond-489588	29.127201	-23.25241
NexPond-489684	26.582626	-30.18266
NexPond-489780	20.96358	-15.870875
NexPond-489876	20.926989	-15.825008
NexPond-490046	25.254892	-23.041874
NexPond-490142	29.726954	-22.97389
NexPond-490238	24.436016	-23.119955
NexPond-490334	16.103598	-30.132168
NexPond-490726	29.302902	-30.328453
NexPond-490822	28.6828	-31.840925
NexPond-490918	15.559949	-29.657629
NexPond-491014	27.155216	-33.47642
NexPond-491526	30.57416	-26.952593
NexPond-491718	38.795113	-24.962933
NexPond-491814	27.267317	-33.244797
NexPond-492886	25.804825	-30.391006
NexPond-492982	27.814383	-28.450544
NexPond-493078	26.657434	-32.080536
NexPond-493174	28.105583	-25.065401
NexPond-493626	30.683146	-33.2025
NexPond-493722	36.609882	16.692575
NexPond-493818	28.93861	-24.844027
NexPond-493914	51.144806	-18.810434
NexPond-494286	31.887001	-33.638577
NexPond-494382	31.564383	-33.462795
NexPond-494478	30.707933	-33.001465
NexPond-494574	32.642548	-33.350643
NexPond-495086	35.75265	-14.288234
NexPond-495182	25.687136	-25.689602
NexPond-495278	16.983246	-28.865038
NexPond-495374	17.387207	-28.70859
NexPond-495626	28.293556	-31.059713
NexPond-495722	29.979652	-32.928635
NexPond-495818	34.4621	-14.58113
NexPond-495914	35.373535	-14.111117
NexPond-496066	33.663025	-32.20704
NexPond-496162	27.772646	-28.035473
NexPond-496258	26.22447	-29.276304
NexPond-496354	29.348408	-22.901588
NexPond-497546	51.20481	-19.778019
NexPond-497738	51.40298	-20.869354
NexPond-497834	51.21316	-21.981617
NexPond-498186	53.516716	-36.191166
NexPond-498282	49.154907	-16.205633
NexPond-498378	53.77284	-17.820023
NexPond-498474	51.458794	-20.962095
NexPond-499346	31.268091	-30.076046
NexPond-499442	38.246113	-23.773409
NexPond-499538	38.860992	-23.60712
NexPond-499634	41.08937	-30.443783
NexPond-499946	40.779625	-20.486614
NexPond-500042	46.664448	-17.446545
NexPond-500148	35.10503	-15.27695
NexPond-500244	35.892586	-14.279978
NexPond-501006	47.698505	-19.81477
NexPond-501102	48.067154	-17.67351
NexPond-501198	49.50232	-15.351041
NexPond-501294	49.104256	-17.702656
NexPond-501426	40.987045	-23.305511
NexPond-501522	39.532097	-22.980259
NexPond-501626	40.458225	-23.825058
NexPond-501726	50.687653	-25.692024
NexPond-502166	42.18925	-22.931396
NexPond-502262	51.42989	-24.923996
NexPond-502366	51.101013	-18.458965
NexPond-502462	54.26314	-36.29517
NexPond-502766	35.896637	-14.847913
NexPond-502862	38.37892	-23.665741
NexPond-502958	30.06057	-24.04329
NexPond-503054	40.79839	-21.934029
NexPond-503493	39.795727	-23.072079
NexPond-503589	47.577034	-17.830872
NexPond-503685	48.59011	-16.951475
NexPond-503781	52.979424	-25.884888
NexPond-504026	48.221073	-21.429466
NexPond-504122	48.542057	-20.9203
NexPond-504218	48.102016	-21.476124
NexPond-504314	47.707706	-20.955202
NexPond-504938	50.20906	-27.362879
NexPond-505130	35.0044	-28.211767
NexPond-505226	33.487007	-32.993526
NexPond-505326	35.115696	-21.347708
NexPond-505418	51.21673	-24.322056
NexPond-505478	50.956543	-27.273537
NexPond-505574	36.078346	-22.77714
NexPond-506186	35.37117	-22.427027
NexPond-506282	23.954365	-34.79527
NexPond-506817	12.677547	-24.629015
NexPond-506913	14.054798	-25.975554
NexPond-507009	45.33791	-28.428986
NexPond-507105	12.716102	-24.16408
NexPond-507694	41.02869	-17.78326
NexPond-507790	38.22529	-21.319277
NexPond-507886	37.561916	-21.70087
NexPond-507982	25.307272	-30.44464
NexPond-508120	38.786118	-27.032642
NexPond-508216	40.3318	-20.953094
NexPond-508569	42.40919	-18.697372
NexPond-508665	41.46183	-31.388874
NexPond-508766	42.185593	-17.874727
NexPond-508862	42.64935	-21.671747
NexPond-508958	41.67384	-20.429708
NexPond-509054	36.58097	-13.651031
NexPond-509250	45.798428	-21.210838
NexPond-509442	36.318104	-28.8666
NexPond-509538	50.060474	-25.694775
NexPond-509866	45.768444	-21.13548
NexPond-509962	41.374775	-31.147196
NexPond-510058	50.303806	-25.589487
NexPond-510154	34.448536	-32.704773
NexPond-510654	23.381704	-24.468876
NexPond-510750	15.821489	-32.633812
NexPond-510846	14.390877	-27.264416
NexPond-510942	14.761854	-26.990797
NexPond-511042	23.412516	-24.385872
NexPond-511138	23.389742	-23.512888
NexPond-511234	15.367964	-28.456953
NexPond-511330	22.316624	-24.892628
NexPond-511510	26.825071	-34.19923
NexPond-511606	22.23338	-31.050869
NexPond-511702	14.114511	-25.506542
NexPond-511798	22.466993	-28.111464
NexPond-511962	13.981457	-25.129864
NexPond-512058	22.424843	-28.478678
NexPond-512156	13.788986	-26.569357
NexPond-512252	22.40694	-35.902893
NexPond-512366	13.264346	-27.479404
NexPond-512462	13.28776	-27.328869
NexPond-512558	54.843163	-35.54617
NexPond-512654	54.968975	-35.291275
NexPond-512882	12.775317	-26.45246
NexPond-512978	6.704507	-25.670328
NexPond-513074	12.74637	-25.399977
NexPond-513170	43.738316	-36.777184
NexPond-513257	13.974027	-28.232435
NexPond-513353	42.784214	-18.792715
NexPond-513449	6.4478354	-27.754436
NexPond-513545	6.4122224	-27.796188
NexPond-513901	47.268223	-18.308878
NexPond-513997	51.71893	-24.014856
NexPond-514093	33.485043	-33.785397
NexPond-514288	51.60622	-17.529436
NexPond-514384	43.815403	-18.37527
NexPond-514480	53.240303	-20.649109
NexPond-514576	42.33509	-22.643799
NexPond-514674	43.108322	-19.550568
NexPond-514966	40.676777	-19.312674
NexPond-515062	36.01424	-17.896263
NexPond-515222	46.107677	-18.587307
NexPond-515320	41.577076	-23.441454
NexPond-515714	38.084682	-21.621248
NexPond-515810	38.79028	-22.05829
NexPond-515906	39.979572	-24.890642
NexPond-516002	40.600098	-27.324284
NexPond-516480	41.118057	-19.782043
NexPond-516576	42.423424	-21.988928
NexPond-516672	37.50508	-13.451116
NexPond-516832	47.119873	-33.227795
NexPond-517048	43.41943	-22.925602
NexPond-517144	42.630695	-16.471798
NexPond-517240	48.317535	-31.832497
NexPond-517336	36.84636	-14.253366
NexPond-518066	43.451588	-17.902315
NexPond-518162	38.94262	-25.383686
NexPond-518258	37.339096	-13.509198
NexPond-518354	43.26094	-20.571384
NexPond-518646	51.57006	-18.11642
NexPond-518742	49.682617	-15.670509
NexPond-518840	44.506916	-18.70126
NexPond-518936	49.782536	-21.430103
NexPond-519284	53.300728	-29.516966
NexPond-519380	23.594421	-33.920876
NexPond-519476	46.033794	-19.388588
NexPond-519572	33.55028	-20.120817
NexPond-519864	51.200333	-17.009323
NexPond-519960	45.61289	-17.113552
NexPond-520056	44.888206	-16.259775
NexPond-520576	47.186066	-16.022417
NexPond-520697	45.990616	-16.195005
NexPond-520793	50.191387	-15.938066
NexPond-521098	49.958168	-31.208166
NexPond-521194	54.28537	-37.452274
NexPond-521290	49.937317	-16.101217
NexPond-521386	51.498238	-20.066092
NexPond-521486	44.295635	-21.477516
NexPond-521582	51.77528	-29.495214
NexPond-522234	52.548046	-26.284075
NexPond-522330	42.641518	-23.58974
NexPond-522426	53.35476	-20.575846
NexPond-522522	46.062496	-26.772179
NexPond-522814	35.250126	-18.754103
NexPond-522910	36.230404	-20.739933
NexPond-523008	34.50514	-19.194418
NexPond-523104	37.834553	-19.703754
NexPond-523586	39.164146	-19.654476
NexPond-523886	53.561058	-31.38814
NexPond-524067	14.061754	-22.924427
NexPond-524163	36.362457	-20.968777
NexPond-524455	25.016237	-29.02741
NexPond-524551	37.00643	-17.76636
NexPond-524647	37.035793	-18.033585
NexPond-525132	35.064877	-28.816006
NexPond-525228	36.45459	-20.813927
NexPond-525324	-1.5379068	-13.653638
NexPond-525420	-1.5341388	-13.6841755
NexPond-525668	41.214207	-25.018953
NexPond-525764	44.886456	-15.768836
NexPond-525860	44.654404	-17.965916
NexPond-525967	44.788986	-18.042988
NexPond-526342	51.606388	-26.40379
NexPond-526438	42.765953	-20.19509
NexPond-526534	48.601856	-31.62553
NexPond-527083	43.034157	-28.100187
NexPond-527179	43.67649	-27.531982
NexPond-527275	42.67003	-29.834072
NexPond-527371	44.048313	-37.14396
NexPond-528155	34.522594	-28.358976
NexPond-528251	41.8516	-25.30235
NexPond-528347	41.31034	-26.631708
NexPond-528443	40.997055	-25.92006
NexPond-528700	38.436554	-27.390953
NexPond-528796	45.437557	-24.962303
NexPond-528892	43.89186	-24.72273
NexPond-528988	43.13802	-24.845955
NexPond-529277	46.094807	-39.656498
NexPond-529373	43.525158	-27.710302
NexPond-529469	49.419815	-36.37168
NexPond-529565	50.11247	-35.79268
NexPond-530069	46.84112	-28.351366
NexPond-530165	44.249718	-19.823368
NexPond-530261	41.45796	-27.191744
NexPond-530357	50.9435	-36.187897
NexPond-530649	35.67718	-19.211237
NexPond-530744	46.054028	-24.773863
NexPond-530840	41.912228	-25.855692
NexPond-531259	48.358532	-34.577755
NexPond-531356	44.329433	-22.454277
NexPond-531452	41.292477	-26.432737
NexPond-531548	43.536533	-25.398785
NexPond-531646	46.599068	-24.180763
NexPond-531935	45.86053	-31.74037
NexPond-532031	53.441216	-19.418787
NexPond-532127	53.264706	-19.763224
NexPond-532223	49.692577	-32.2302
NexPond-532893	35.55149	-27.730902
NexPond-532989	12.5497055	-8.847421
NexPond-533085	36.619015	-25.43501
NexPond-533181	12.696148	-8.938
NexPond-533280	45.444504	-26.491545
NexPond-533376	48.635464	-32.78412
NexPond-533472	39.199223	-27.873505
NexPond-533567	50.618683	-31.296864
NexPond-533859	46.979824	-25.222858
NexPond-533955	43.799915	-26.710247
NexPond-534051	35.44267	-28.592747
NexPond-534134	46.882366	-25.819992
NexPond-535088	45.036125	-32.944748
NexPond-536446	53.487568	-32.654255
NexPond-536542	54.522915	-37.30182
NexPond-537539	44.37428	-25.600569
NexPond-537891	35.58079	-29.035189
NexPond-537987	51.300976	-34.86208
NexPond-538083	52.964848	-37.356045
NexPond-538179	50.569733	-35.669132
NexPond-538546	52.454674	-30.597057
NexPond-538642	51.573566	-30.667988
NexPond-538738	47.18408	-23.924545
NexPond-538834	45.388702	-32.669262
NexPond-539126	50.33341	-35.408985
NexPond-539222	51.534946	-35.940796
NexPond-539318	45.660908	-32.428734
NexPond-539414	51.46649	-34.721333
NexPond-539933	50.229225	-33.634495
NexPond-540029	50.51691	-30.671968
NexPond-540125	50.492344	-31.323044
NexPond-540659	47.65589	-29.179245
NexPond-540755	50.5244	-34.158318
NexPond-540851	49.075554	-30.047132
NexPond-541108	49.64438	-30.289532
NexPond-541406	51.78059	-33.073082
NexPond-541502	53.067837	-35.302265
NexPond-541694	50.814484	-32.79962
NexPond-542366	45.786015	-24.240986
NexPond-542558	47.853333	-33.93082
NexPond-542946	49.115955	-33.26808
NexPond-543042	45.006573	-18.826866
NexPond-543129	54.862904	-37.60055
NexPond-544342	54.10267	-37.584858
NexPond-544405	51.884792	-31.493439
NexPond-544501	51.49573	-32.420628
NexPond-545188	52.29065	-32.43486
NexPond-545283	53.753063	-18.693111
NexPond-545376	47.790703	-22.86041
NexPond-545666	48.607624	-33.61868
NexPond-545754	51.532734	-31.362068
NexPond-545850	53.88002	-37.970943
NexPond-546336	53.706196	-38.22473
NexPond-546432	52.25384	-35.313435
NexPond-546528	48.95058	-33.64701
NexPond-546619	51.21785	-30.535072
NexPond-546926	45.33708	-17.148666
NexPond-547022	53.43235	-37.795258
NexPond-547118	50.94599	-31.946966
NexPond-547742	45.30609	-25.979294
NexPond-547838	46.510777	-25.394232
NexPond-547934	44.228348	-38.86625
NexPond-548030	46.00434	-25.185833
NexPond-548594	0.15249382	-4.831193
NexPond-548690	0.5998269	-4.514928
NexPond-548786	1.0842487	-4.8669343
NexPond-548882	-5.362994	2.4698954
NexPond-549140	-7.542753	0.27499312
NexPond-549236	-7.781895	0.99404866
NexPond-549332	-8.886498	1.0162134
NexPond-549428	17.120077	26.624868
NexPond-550261	-1.5329503	11.251599
NexPond-550355	-1.7296736	9.188246
NexPond-550451	-0.034480095	-4.516257
NexPond-550846	10.725052	-3.3877873
NexPond-550942	-15.589315	41.012947
NexPond-551038	21.123053	7.42357
NexPond-551134	-2.4738655	9.187557
NexPond-551465	13.218368	-1.325089
NexPond-551561	7.371427	-6.907794
NexPond-551659	16.48088	6.6218767
NexPond-551755	-3.0151496	6.0526423
NexPond-552045	2.9629352	9.821118
NexPond-552141	13.222179	-4.5853186
NexPond-552237	-5.765878	2.2782066
NexPond-552333	1.069182	13.369283
NexPond-552618	8.341949	-4.7608004
NexPond-552714	10.809789	-6.5704546
NexPond-552818	5.930828	9.971138
NexPond-552916	21.61681	6.816354
NexPond-553186	8.34925	-6.2147098
NexPond-553282	11.518532	-7.159229
NexPond-553378	11.465516	-7.218029
NexPond-554504	20.690548	4.8406367
NexPond-554600	6.191483	-2.6763318
NexPond-554696	14.089909	-4.818481
NexPond-554792	13.220014	-4.9939675
NexPond-555126	7.631657	-3.9468622
NexPond-555222	11.832317	-8.422338
NexPond-555318	0.73086095	5.4302974
NexPond-555414	11.732502	-6.4181485
NexPond-556292	0.22040394	13.957016
NexPond-556388	-3.762497	11.240454
NexPond-556484	-0.2790867	10.051845
NexPond-556580	9.757126	-7.149609
NexPond-556854	9.154101	-4.475612
NexPond-556950	6.479774	-6.834272
NexPond-557046	33.37204	-19.175652
NexPond-557142	4.8089094	-6.140593
NexPond-557498	3.9869268	-7.4397306
NexPond-557594	10.304894	-3.5700643
NexPond-557882	8.143158	-5.879483
NexPond-557978	11.916074	-4.8752904
NexPond-558366	2.8486218	-7.9664755
NexPond-558462	12.003334	-5.640443
NexPond-558558	13.334158	-4.458364
NexPond-558654	7.3590627	-2.27621
NexPond-558946	-1.5328679	2.7687898
NexPond-559042	14.500227	12.455477
NexPond-559138	11.73504	-2.5698905
NexPond-559234	3.894828	-4.5096593
NexPond-559550	3.4979932	-7.9780765
NexPond-559646	-1.4512794	8.949143
NexPond-560000	-5.6442947	14.10479
NexPond-560096	3.4586391	-7.9584804
NexPond-560192	10.794094	-3.622666
NexPond-560288	10.541779	-4.3188715
NexPond-560386	-11.975597	3.9279945
NexPond-560480	1.5567396	-3.8161266
NexPond-560846	18.495888	10.170049
NexPond-560942	10.404059	-0.82879984
NexPond-561038	1.6257325	-3.1922715
NexPond-561134	9.0662985	-0.16016826
NexPond-561490	0.5821309	5.8814898
NexPond-561586	8.934965	0.043870628
NexPond-561684	-9.649157	4.902503
NexPond-561780	4.928661	9.643335
NexPond-562134	-9.917971	0.94097644
NexPond-562230	-9.970009	2.2391229
NexPond-562326	-4.1963325	4.950263
NexPond-562422	-2.5999825	6.1255603
NexPond-562714	-6.898018	-0.48463663
NexPond-562810	-8.935881	1.9553492
NexPond-562906	-2.0651143	9.729682
NexPond-563002	3.5852184	9.811688
NexPond-563369	-3.2529783	10.86547
NexPond-563528	13.863597	19.801146
NexPond-563624	-4.595433	4.602648
NexPond-563720	-8.754552	-1.3341622
NexPond-563846	4.4845505	-7.5657597
NexPond-563942	12.285562	-4.370995
NexPond-564038	-8.263788	-1.383472
NexPond-564134	-9.112919	4.855525
NexPond-564726	-9.176487	-0.8439878
NexPond-564822	-11.248813	3.9305184
NexPond-564910	-3.0212593	4.022254
NexPond-565004	-2.5442023	1.9808513
NexPond-565531	-7.488866	-1.0953537
NexPond-565623	-2.4702048	1.0910336
NexPond-565719	-4.616996	10.141561
NexPond-565814	-7.363373	-1.1566954
NexPond-566026	-3.9013653	11.111674
NexPond-566119	3.9925907	9.349237
NexPond-566215	10.097141	3.9750612
NexPond-566311	16.318687	6.9537864
NexPond-566504	14.570644	9.290553
NexPond-566597	-5.4393215	2.041489
NexPond-566682	-6.569851	-0.5073786
NexPond-566774	10.524973	4.551012
NexPond-567207	-3.1701639	-0.5792951
NexPond-567303	16.183165	7.7494407
NexPond-567399	-1.3214957	7.453838
NexPond-567495	3.399633	-3.401622
NexPond-567690	2.958276	-1.2113903
NexPond-567783	-0.56443536	-0.81573766
NexPond-567879	12.489747	9.260473
NexPond-567975	-5.4262586	12.884755
NexPond-568186	15.409326	8.475484
NexPond-568282	3.9090729	5.9279785
NexPond-568375	0.5303639	-3.1159277
NexPond-568538	-0.08306766	-3.4349358
NexPond-568762	-0.51655936	-3.0043256
NexPond-568954	-10.155682	4.801536
NexPond-569263	-1.38441	19.489494
NexPond-569450	5.449125	19.421864
NexPond-569546	11.643895	-1.0236905
NexPond-569918	7.0312634	-4.3601093
NexPond-570014	1.9465983	-2.1473107
NexPond-570110	-0.11694102	-1.7416464
NexPond-570206	-18.707712	5.464594
NexPond-570520	-6.863844	3.155831
NexPond-570615	6.1967807	-4.8994703
NexPond-570711	13.956374	-4.0407443
NexPond-570807	10.168096	-1.4460626
NexPond-571243	-18.487036	6.4405766
NexPond-571334	-0.30963334	6.59747
NexPond-571430	11.163669	-0.6066474
NexPond-571526	9.660458	-1.941196
NexPond-571928	4.7932215	-9.355636
NexPond-572024	12.159433	0.013038262
NexPond-572120	14.540186	1.3821996
NexPond-572216	-13.101035	4.3985124
NexPond-572708	8.434845	-4.4409523
NexPond-572804	6.0836663	4.4624367
NexPond-572900	4.489316	7.2631617
NexPond-572996	15.196239	0.9653592
NexPond-573300	-4.4972224	0.9306121
NexPond-573396	11.119716	-0.44027343
NexPond-573492	13.787959	-2.962572
NexPond-573588	10.637882	-0.46486717
NexPond-573846	15.241062	7.530976
NexPond-573942	22.610312	-33.921597
NexPond-574038	12.768277	9.167561
NexPond-574134	14.083799	2.0639129
NexPond-574246	10.956218	5.050933
NexPond-574342	12.536768	2.776176
NexPond-574438	2.998631	-0.7106871
NexPond-574534	13.45065	-3.3674762
NexPond-574806	9.030152	23.89299
NexPond-574902	5.1973996	19.38121
NexPond-574998	5.717869	-3.410526
NexPond-575094	16.044079	-4.715468
NexPond-575465	14.850624	9.513247
NexPond-575561	5.96062	-1.2588274
NexPond-575659	-1.3810204	2.6254218
NexPond-575755	11.944922	8.310877
NexPond-576301	-18.98354	5.45
NexPond-576397	-4.001122	0.16452233
NexPond-576702	3.1935592	-0.37068173
NexPond-576798	5.227723	-3.6933715
NexPond-576894	-1.5545723	0.7766896
NexPond-576990	11.1763935	5.3805957
NexPond-577483	0.9733647	28.78171
NexPond-577579	5.4316835	19.373817
NexPond-578063	7.884967	2.9441407
NexPond-578162	5.3748565	-3.8784492
NexPond-578466	-0.16361432	3.40861
NexPond-578562	4.5043845	9.354476
NexPond-578658	6.091231	8.960392
NexPond-578753	-1.5586876	0.0018070331
NexPond-579133	-2.0970538	0.74244547
NexPond-579226	-0.2143187	6.952477
NexPond-579322	-19.295181	5.2423697
NexPond-579418	-2.3303168	-1.3154659
NexPond-579606	-5.1339426	-0.41530225
NexPond-579702	-1.1539237	6.3086815
NexPond-579798	9.572511	2.4874437
NexPond-579894	-1.7142287	6.6698294
NexPond-580190	7.4699306	23.651499
NexPond-580286	5.087016	26.976591
NexPond-580382	17.330883	1.6483707
NexPond-580478	17.71493	1.8788497
NexPond-580882	-3.1048942	0.5414495
NexPond-580978	9.832641	2.6517572
NexPond-581282	-2.9675553	13.770951
NexPond-581368	10.614064	2.5417686
NexPond-581464	19.234217	3.2968388
NexPond-581560	14.879993	-3.0506313
NexPond-581804	-2.3097713	-0.48076507
NexPond-581900	10.796195	2.6529555
NexPond-581996	-19.143085	5.8201413
NexPond-582092	19.533035	2.727045
NexPond-582312	52.016983	-41.743393
NexPond-582408	-2.7824087	12.645095
NexPond-582501	0.31655928	8.531264
NexPond-582597	0.4989568	8.152979
NexPond-583029	52.020096	-41.730408
NexPond-583108	14.301423	6.433775
NexPond-583204	11.923875	3.7229273
NexPond-583495	3.066679	7.1079154
NexPond-583591	7.2644906	4.734741
NexPond-583687	5.982125	5.3084974
NexPond-583783	4.771126	7.757468
NexPond-584086	19.502413	4.154513
NexPond-584182	19.074423	3.7785966
NexPond-584278	17.43119	0.97161067
NexPond-584666	-1.5682588	1.6469418
NexPond-584762	0.5638183	7.485588
NexPond-584858	-0.9404519	-7.2327814
NexPond-584954	18.107742	5.862996
NexPond-585350	12.377554	8.7942
NexPond-585446	0.81606126	0.2531224
NexPond-585542	1.7559658	0.32408524
NexPond-585638	8.294788	4.439077
NexPond-586330	13.308063	1.1241797
NexPond-586426	12.245731	3.2572782
NexPond-586522	10.955492	1.6448915
NexPond-586618	3.6701598	-1.1026784
NexPond-587006	4.355862	-0.51023614
NexPond-587102	4.3144584	-0.6119039
NexPond-587198	1.2647877	3.5819886
NexPond-587294	7.3279505	2.784279
NexPond-587586	1.9372922	0.97694016
NexPond-587682	2.0224512	6.8543396
NexPond-587778	15.875921	1.4421297
NexPond-588338	-5.630247	14.486404
NexPond-588434	4.567498	8.441719
NexPond-588530	6.0835032	-4.900675
NexPond-588626	1.8952994	6.9540205
NexPond-589110	3.9084885	0.11058869
NexPond-589206	-19.549788	5.5740066
NexPond-589302	17.493248	2.2203472
NexPond-589398	13.176943	3.5231822
NexPond-589794	11.062189	37.41926
NexPond-589890	11.686159	1.4098666
NexPond-589986	14.740694	4.803422
NexPond-590082	8.173763	-1.1409147
NexPond-590374	14.561716	6.5042176
NexPond-590469	14.4801235	5.269975
NexPond-590565	-1.153132	42.651196
NexPond-590661	-0.76098084	1.2070323
NexPond-591049	2.0994627	4.404339
NexPond-591142	20.987957	18.958265
NexPond-591238	6.4016147	5.1174784
NexPond-591334	6.0874405	5.3583307
NexPond-591818	-2.8801508	43.06945
NexPond-591912	4.3356023	5.785789
NexPond-592008	2.345343	1.0359093
NexPond-592104	4.398377	5.417436
NexPond-592635	-1.6258721	43.51985
NexPond-592731	2.0016499	1.7573205
NexPond-592827	2.2700267	1.8772309
NexPond-592923	16.587603	-4.758876
NexPond-593366	-2.8716247	44.317646
NexPond-593462	8.36179	6.439269
NexPond-593558	7.9809036	5.450617
NexPond-593654	-10.628214	-0.06435737
NexPond-593958	-3.1566966	43.8054
NexPond-594054	-12.892718	2.0356498
NexPond-594150	-13.452714	3.0966876
NexPond-594246	-13.322227	3.0822945
NexPond-594681	-1.4753457	44.283062
NexPond-594777	2.9227586	2.3943007
NexPond-594873	-1.715517	-12.119899
NexPond-594969	-1.7274717	-11.984486
NexPond-595278	-3.8355904	41.675728
NexPond-595372	7.2482147	6.281531
NexPond-595468	27.7866	17.762997
NexPond-595564	5.483215	28.513063
NexPond-596048	6.16431	29.995708
NexPond-596144	3.4389243	32.53187
NexPond-596240	8.867618	41.63688
NexPond-596336	3.0344365	31.133663
NexPond-596613	7.224509	44.40772
NexPond-596709	10.081409	13.852713
NexPond-596805	14.640108	40.30365
NexPond-596901	-1.7217045	43.764626
NexPond-597193	26.425217	29.780024
NexPond-597289	4.7839956	32.966354
NexPond-597385	37.814568	20.627077
NexPond-597481	-3.315507	43.789864
NexPond-597835	12.358645	33.104374
NexPond-597931	12.383462	32.01952
NexPond-598027	9.682262	31.088728
NexPond-598449	12.297085	31.702637
NexPond-598545	15.158642	30.847202
NexPond-598641	8.45522	28.446344
NexPond-598737	3.7005937	34.724113
NexPond-599242	6.091168	29.711962
NexPond-599338	6.042685	31.401691
NexPond-599434	12.048429	37.97244
NexPond-599530	3.2359264	38.163605
NexPond-599822	13.922692	38.601444
NexPond-599918	11.661038	36.398552
NexPond-600014	8.880637	43.99466
NexPond-600110	2.9763885	39.631927
NexPond-600406	-5.0098314	-45.917927
NexPond-600502	-0.3018551	36.77851
NexPond-600598	-3.1333878	-45.90233
NexPond-600694	-0.8105445	34.1432
NexPond-601188	-4.5424285	-46.337334
NexPond-601284	-3.4191558	-44.917072
NexPond-601380	-4.0086493	-44.81462
NexPond-601476	-3.455718	-44.243374
NexPond-601768	-4.2869368	-44.736862
NexPond-601864	-4.3161135	-45.319286
NexPond-601960	-3.3848584	-44.111187
NexPond-602251	-3.5541947	-45.62289
NexPond-602708	-5.0742755	-45.461216
NexPond-602804	-3.946963	-44.7839
NexPond-602900	-45.78339	-3.710174
NexPond-602996	-4.4263277	-47.08166
NexPond-603292	13.012876	40.181084
NexPond-603388	8.388715	37.5148
NexPond-603484	12.76374	30.806612
NexPond-603580	4.100099	38.170326
NexPond-603884	-0.9591374	36.15562
NexPond-603980	-0.68771935	34.953705
NexPond-604076	4.1377907	32.191387
NexPond-604172	4.9534636	31.425547
NexPond-605264	-0.86958414	20.441416
NexPond-606040	11.233079	40.306004
NexPond-606136	10.728483	37.591908
NexPond-606232	9.706486	21.741295
NexPond-606328	6.1924953	26.780964
NexPond-607040	-3.7534392	32.295128
NexPond-607232	-1.2071925	33.66909
NexPond-607328	8.149802	37.13426
NexPond-607728	7.6309166	35.313797
NexPond-607824	8.227517	38.12799
NexPond-607920	9.006976	38.17017
NexPond-608016	3.9239492	28.940859
NexPond-608308	11.31185	39.1393
NexPond-608404	-19.646667	6.1923056
NexPond-608500	9.191888	25.288383
NexPond-608596	8.391041	20.855387
NexPond-609048	22.57587	27.00585
NexPond-609144	12.941535	29.829208
NexPond-609336	12.825842	30.66675
NexPond-609628	9.391127	42.473213
NexPond-609724	12.20234	35.86324
NexPond-609818	7.1664014	33.88595
NexPond-609912	10.661921	39.04727
NexPond-610568	2.8941786	34.806774
NexPond-610664	4.756451	44.743088
NexPond-610758	-1.477037	25.436167
NexPond-610854	10.692782	42.674694
NexPond-611168	3.492139	44.074932
NexPond-611264	0.7275452	36.264072
NexPond-611360	27.613977	27.518461
NexPond-611456	11.766193	36.770214
NexPond-611908	10.8129835	39.572277
NexPond-612004	11.239724	38.309845
NexPond-612100	8.397239	32.316933
NexPond-612196	3.2224276	34.677486
NexPond-612648	-20.355707	5.854678
NexPond-612744	9.466551	32.457146
NexPond-612836	5.382194	34.35319
NexPond-612928	10.872313	37.91894
NexPond-613348	5.091766	45.342274
NexPond-613441	4.5690494	46.551678
NexPond-613536	5.4416084	42.85493
NexPond-613629	28.54549	28.444504
NexPond-614020	4.996233	45.358337
NexPond-614110	3.6511993	36.13359
NexPond-614206	3.6136875	38.29013
NexPond-614594	6.113249	44.645397
NexPond-614690	13.845313	38.92107
NexPond-614786	27.643124	29.298279
NexPond-614882	28.977074	27.756298
NexPond-615604	4.360379	38.74673
NexPond-615700	0.48106757	20.491846
NexPond-615786	5.128082	32.092422
NexPond-616420	7.308739	45.97357
NexPond-616612	10.576983	40.00512
NexPond-616708	7.909764	45.29151
NexPond-616808	8.092269	45.716827
NexPond-616904	8.09385	45.461754
NexPond-617000	9.356984	40.001423
NexPond-617096	12.595009	38.66318
NexPond-617484	5.2333865	41.911026
NexPond-617580	7.323109	30.64188
NexPond-617676	11.856512	32.191605
NexPond-617772	9.725769	30.530336
NexPond-618328	5.8863673	42.98575
NexPond-618422	7.235315	29.49996
NexPond-618516	11.548725	32.590786
NexPond-618612	-1.030553	36.921078
NexPond-619288	0.70604986	38.73541
NexPond-619379	0.08328845	38.713448
NexPond-619464	-0.2660382	39.338287
NexPond-619560	0.7089936	39.91404
NexPond-620008	5.657108	43.52849
NexPond-620104	3.6274076	39.89905
NexPond-620200	11.613061	38.89055
NexPond-620296	36.899067	15.572849
NexPond-620396	5.745715	44.268528
NexPond-620492	4.1220546	38.81016
NexPond-620588	0.17180982	38.109413
NexPond-620684	2.729728	34.58825
NexPond-622235	6.039813	41.96425
NexPond-622331	6.6627173	30.319271
NexPond-622427	6.0367107	37.8254
NexPond-622522	11.883485	32.985943
NexPond-622888	5.446589	38.879475
NexPond-622984	-0.8330669	44.849537
NexPond-623080	12.617477	35.7036
NexPond-623176	5.6245255	39.42825
NexPond-623551	13.290578	39.557785
NexPond-623647	5.9914713	29.49442
NexPond-623743	4.132559	29.848778
NexPond-623839	4.0339885	29.911427
NexPond-624035	5.982872	32.838497
NexPond-624131	14.23259	3.6489887
NexPond-624227	4.1960607	29.565653
NexPond-624427	9.650938	42.640903
NexPond-624523	8.377346	26.77009
NexPond-624619	7.505346	44.185154
NexPond-624962	6.7751083	41.917484
NexPond-625058	8.270768	28.426104
NexPond-625154	2.3364563	32.626724
NexPond-625250	3.5198076	28.681383
NexPond-625355	2.2685437	33.80246
NexPond-625451	2.4109266	34.96026
NexPond-625547	1.4568584	31.212664
NexPond-625640	7.6589303	40.937862
NexPond-625868	6.7849107	36.67659
NexPond-625964	9.701667	13.114736
NexPond-626060	2.3233964	30.596735
NexPond-626156	1.6439898	32.56729
NexPond-626256	3.6684878	42.076588
NexPond-626352	1.3476707	39.47845
NexPond-626448	1.3712469	42.365803
NexPond-626544	1.7395768	32.06649
NexPond-626807	3.357011	42.590656
NexPond-627364	0.22706462	31.194246
NexPond-627507	2.6520245	45.16548
NexPond-627602	2.5221844	44.882088
NexPond-627698	2.9305646	45.756245
NexPond-627794	6.8198695	43.071953
NexPond-627993	1.6748581	42.826366
NexPond-628089	2.6801608	23.749607
NexPond-628185	8.869861	43.087193
NexPond-628281	3.6266766	34.16949
NexPond-628447	12.028264	34.188915
NexPond-628541	7.0753255	35.221832
NexPond-628637	1.5895884	33.425873
NexPond-628733	5.7313523	26.8752
NexPond-628908	16.17714	37.286274
NexPond-629004	3.5157185	42.19491
NexPond-629100	6.586086	22.322285
NexPond-629196	1.245522	32.882484
NexPond-629328	10.622763	27.65433
NexPond-629548	3.498562	43.863163
NexPond-629644	5.537731	34.80907
NexPond-629740	0.6591606	31.94623
NexPond-629836	12.452312	35.322384
NexPond-630088	28.584236	28.596603
NexPond-630184	29.730652	26.28926
NexPond-630280	5.2500196	35.36842
NexPond-630608	-16.228613	41.169308
NexPond-630704	6.849648	19.426579
NexPond-630774	-1.1666176	19.589043
NexPond-631074	-22.076887	17.288187
NexPond-631091	11.949951	25.884972
NexPond-631187	10.830072	20.358671
NexPond-631286	-3.5353918	32.22382
NexPond-631388	9.220769	34.8812
NexPond-631484	20.408216	27.21531
NexPond-631580	12.308818	25.85612
NexPond-631676	10.746828	20.908705
NexPond-631846	33.843838	22.037407
NexPond-631942	13.052784	26.190025
NexPond-632038	8.569556	22.113243
NexPond-632134	9.111111	20.632936
NexPond-632235	22.98839	26.643349
NexPond-632328	8.055339	23.303503
NexPond-632424	9.801473	22.588133
NexPond-632520	7.0475235	18.49161
NexPond-632768	37.19708	14.182496
NexPond-632864	2.1200418	14.438574
NexPond-632960	4.9564342	25.950615
NexPond-633056	7.281404	25.735413
NexPond-633220	34.167984	13.646124
NexPond-633316	25.664152	18.955454
NexPond-633412	-15.808549	41.64613
NexPond-633508	26.430187	7.9179735
NexPond-633672	36.3139	14.307556
NexPond-633768	7.0658894	24.506458
NexPond-633864	13.279462	26.36395
NexPond-633960	8.146369	19.665709
NexPond-634072	9.19052	35.05854
NexPond-634168	13.000181	28.962843
NexPond-634264	7.6656103	23.965414
NexPond-634360	-19.19917	6.4366646
NexPond-634678	26.77031	17.771652
NexPond-634774	25.504816	17.667244
NexPond-634904	14.40057	36.872124
NexPond-635105	17.9449	22.584957
NexPond-635201	9.634117	22.564648
NexPond-635297	11.803113	25.007298
NexPond-635393	7.46543	25.02824
NexPond-635706	1.3982354	41.69853
NexPond-635802	1.2633741	41.500782
NexPond-636068	16.530855	36.99946
NexPond-636164	2.5841098	23.104422
NexPond-636260	5.94247	22.308332
NexPond-636356	7.9552884	24.063217
NexPond-636456	16.642065	36.98289
NexPond-636552	8.263008	35.874557
NexPond-636647	9.442444	19.773008
NexPond-636743	5.5958114	24.343313
NexPond-636916	3.5427108	45.96409
NexPond-637012	0.8589968	22.951777
NexPond-637107	31.372719	18.84053
NexPond-637203	2.2401702	43.12729
NexPond-637308	8.817238	34.097435
NexPond-637402	25.101645	22.070051
NexPond-637592	13.389747	21.016891
NexPond-637828	2.0631964	24.456354
NexPond-637924	8.897977	34.861786
NexPond-638020	23.919004	23.540459
NexPond-638116	23.339811	23.77031
NexPond-638285	0.14112495	25.569561
NexPond-638381	20.881155	20.658287
NexPond-638477	3.2113829	22.774494
NexPond-638573	8.177223	25.19068
NexPond-638752	0.1203364	23.227901
NexPond-638848	-0.18919787	22.641226
NexPond-638944	11.192809	41.56195
NexPond-639040	18.177032	22.852613
NexPond-639148	3.7540963	21.494287
NexPond-639244	3.7768261	21.538519
NexPond-639340	30.115517	19.840479
NexPond-639436	14.049538	15.191529
NexPond-639693	9.622607	44.6339
NexPond-639789	-5.385687	31.575945
NexPond-639885	11.498058	12.948222
NexPond-639981	13.0511	22.781225
NexPond-640081	12.868227	23.02824
NexPond-640177	33.321644	19.819124
NexPond-640273	33.897	19.289389
NexPond-640369	14.327015	15.66713
NexPond-640533	-0.20695235	24.78741
NexPond-640629	21.695635	22.883974
NexPond-640725	20.89801	23.65277
NexPond-640821	13.0448065	25.258322
NexPond-640985	1.1243682	25.4633
NexPond-641081	13.782513	25.389997
NexPond-641177	17.171158	26.720642
NexPond-641273	24.936098	20.689606
NexPond-641448	25.507004	20.326057
NexPond-641544	25.354532	25.109818
NexPond-641640	35.813137	22.96398
NexPond-641836	32.157516	22.958563
NexPond-641932	23.104193	21.87197
NexPond-642028	38.10626	20.827805
NexPond-642124	35.66102	23.16345
NexPond-642368	21.503597	28.609182
NexPond-642464	22.945177	20.838947
NexPond-642560	23.67575	20.209377
NexPond-642656	23.372631	24.638247
NexPond-642788	2.092186	24.355942
NexPond-642884	22.536737	21.482872
NexPond-642980	30.769144	21.11197
NexPond-643076	32.818245	20.869535
NexPond-643333	25.508656	27.676987
NexPond-643429	22.425499	22.088747
NexPond-643525	22.636387	22.495598
NexPond-643621	13.825651	14.122411
NexPond-643836	34.07622	23.107388
NexPond-643932	35.006695	19.124035
NexPond-644028	35.107906	20.312817
NexPond-644124	27.432852	14.930323
NexPond-644308	30.040073	23.07572
NexPond-644500	28.876509	23.268414
NexPond-644596	33.11877	21.436148
NexPond-644948	31.201307	17.57179
NexPond-645044	30.342152	18.23488
NexPond-645140	36.8569	20.08031
NexPond-645239	29.790257	23.091816
NexPond-645478	26.385387	27.224092
NexPond-645574	26.254097	22.740768
NexPond-645670	26.976791	25.90886
NexPond-645766	29.410875	26.117064
NexPond-645866	29.365175	20.891438
NexPond-645962	26.34032	21.4924
NexPond-646058	26.703249	21.246502
NexPond-646154	9.747826	20.789864
NexPond-646268	10.783528	27.523718
NexPond-646364	9.809756	24.470156
NexPond-646460	11.58503	24.435932
NexPond-646556	24.972296	24.640755
NexPond-646776	22.494688	27.202343
NexPond-646872	-8.755249	36.44253
NexPond-646968	28.141275	22.341537
NexPond-647064	-24.70929	46.973183
NexPond-647168	29.460274	20.050465
NexPond-647264	26.502445	7.955352
NexPond-647360	29.17875	-11.356081
NexPond-647456	13.4256935	22.24184
NexPond-647561	11.59433	9.5453
NexPond-647657	28.925648	17.63744
NexPond-647753	31.968592	23.49212
NexPond-647988	26.301527	25.329897
NexPond-648084	35.927994	21.480848
NexPond-648180	36.410797	21.433136
NexPond-648276	27.481806	15.443016
NexPond-648388	32.760277	21.777058
NexPond-648484	34.82222	21.644196
NexPond-648580	35.80261	20.854105
NexPond-648676	26.29859	22.024189
NexPond-648840	21.366426	3.3944368
NexPond-648936	24.796263	21.013227
NexPond-649032	22.725462	23.78597
NexPond-649128	18.497599	10.80217
NexPond-649308	31.953815	17.954481
NexPond-649404	36.120678	18.636198
NexPond-649500	31.854721	20.540657
NexPond-649596	31.391163	18.250513
NexPond-649824	26.563301	23.92463
NexPond-649917	34.95459	22.980556
NexPond-650008	31.14276	22.253942
NexPond-650104	25.858871	23.423473
NexPond-650228	9.181539	20.384216
NexPond-650324	18.424053	0.82547855
NexPond-650420	29.170431	16.031963
NexPond-650516	28.515535	20.968658
NexPond-650628	26.403578	26.969221
NexPond-650724	24.384321	23.816946
NexPond-650820	26.076977	25.015985
NexPond-650916	16.99515	16.758677
NexPond-651209	32.624825	23.352255
NexPond-651305	24.18381	19.323978
NexPond-651401	18.49903	21.066122
NexPond-651497	0.0960841	25.847296
NexPond-651819	15.238031	10.180697
NexPond-651915	12.1776495	13.115697
NexPond-652011	23.213888	19.486273
NexPond-652107	33.74607	19.554705
NexPond-652488	26.8022	18.535357
NexPond-652584	26.077305	17.795303
NexPond-652680	35.05357	19.67009
NexPond-652776	30.088808	22.05773
NexPond-653108	32.13287	22.061605
NexPond-653204	32.955704	21.236578
NexPond-653300	32.805336	18.508762
NexPond-653396	4.1381006	23.919743
NexPond-653648	37.06562	20.255236
NexPond-653744	6.424813	23.869936
NexPond-653840	34.189346	21.144802
NexPond-653936	27.573904	23.208574
NexPond-654428	33.069237	17.75588
NexPond-654524	36.308254	17.788128
NexPond-654619	14.381378	15.762165
NexPond-654715	27.008966	14.823562
NexPond-654888	25.469166	26.287848
NexPond-654984	36.468815	16.100397
NexPond-655080	35.085026	17.780931
NexPond-655176	28.294504	20.272606
NexPond-655276	11.926627	13.799639
NexPond-655372	-4.1302466	4.883677
NexPond-655468	18.729403	15.251249
NexPond-655564	16.28416	16.0434
NexPond-655900	21.912514	28.168243
NexPond-655996	27.512585	18.427254
NexPond-656092	19.723806	10.34522
NexPond-656188	10.785315	19.098738
NexPond-656288	25.632385	26.404903
NexPond-656384	29.482714	19.032898
NexPond-656480	28.954025	16.449417
NexPond-656576	30.8051	17.52008
NexPond-656772	28.17205	25.61162
NexPond-656868	26.90848	14.627458
NexPond-656964	28.785807	15.268847
NexPond-657060	29.033043	13.378817
NexPond-657160	29.761967	19.908009
NexPond-657256	15.717677	23.555895
NexPond-657448	17.896229	14.6674
NexPond-657696	20.461596	20.886745
NexPond-657792	22.136179	20.059078
NexPond-657888	24.185322	19.43292
NexPond-657984	14.377275	21.043673
NexPond-658180	-17.951649	6.681753
NexPond-658276	-11.90047	13.228828
NexPond-658372	17.609957	14.760903
NexPond-658468	30.756536	16.454906
NexPond-658668	24.48476	12.567794
NexPond-658764	31.76807	16.759602
NexPond-658860	20.53981	13.953936
NexPond-658956	20.306831	14.090638
NexPond-659056	24.459038	12.551066
NexPond-659152	18.702478	14.648581
NexPond-659248	19.575052	14.1421385
NexPond-659608	0.8246	22.030384
NexPond-659704	15.447778	19.110128
NexPond-659800	19.737879	10.361021
NexPond-659899	14.163492	19.606218
NexPond-660056	28.889309	13.331317
NexPond-660152	9.565119	36.562454
NexPond-660248	24.232681	17.919594
NexPond-660869	14.757223	10.907333
NexPond-660965	29.096258	16.300446
NexPond-661061	10.566966	13.275126
NexPond-661266	-6.9484344	19.175743
NexPond-661362	-6.847511	19.349503
NexPond-661458	15.213893	22.796993
NexPond-661628	-9.022478	10.855751
NexPond-661722	-11.994097	10.317955
NexPond-661814	-12.736445	13.273612
NexPond-661910	-18.368536	5.7224646
NexPond-662108	-10.502924	1.3614329
NexPond-662203	-7.9900203	6.9202857
NexPond-662299	-4.9587593	8.446279
NexPond-662395	31.730726	14.284758
NexPond-662655	0.44828185	11.117231
NexPond-662751	-0.49954703	13.58734
NexPond-662847	-1.8185792	-4.032763
NexPond-662943	6.965993	17.461418
NexPond-663049	-10.927383	6.0170946
NexPond-663145	2.0917916	8.265551
NexPond-663241	0.5365778	11.49411
NexPond-663337	0.8371215	11.477786
NexPond-663520	0.8671034	1.2767859
NexPond-663616	17.72957	0.30652326
NexPond-663712	0.5963747	11.490625
NexPond-663808	1.4062073	10.620953
NexPond-663908	1.1269171	1.2509772
NexPond-664004	2.5711405	11.19529
NexPond-664100	2.4655926	12.058548
NexPond-664196	1.8941902	11.507504
NexPond-664397	6.304605	1.1122354
NexPond-664493	3.121908	11.222585
NexPond-664589	-7.956891	7.802739
NexPond-664685	31.760508	14.291602
NexPond-664881	4.142773	-2.3772733
NexPond-664977	6.2133617	1.0596046
NexPond-665073	-3.7899604	10.504084
NexPond-665238	0.22941072	-2.1896596
NexPond-665334	7.190465	18.18415
NexPond-665430	-0.35231805	14.979455
NexPond-665526	9.140184	-2.5862615
NexPond-665728	7.552057	14.153135
NexPond-665824	24.618807	17.51731
NexPond-665920	16.983236	10.744372
NexPond-666016	-10.861695	11.881243
NexPond-666116	-12.92735	10.5747175
NexPond-666212	-11.304429	10.404911
NexPond-666308	-9.636654	9.650576
NexPond-666404	-12.24075	10.70736
NexPond-666688	1.9434364	12.691664
NexPond-666783	1.5051099	12.82668
NexPond-666881	-8.605766	8.0682125
NexPond-666977	-8.553886	8.602321
NexPond-667184	-9.358781	8.570187
NexPond-667280	-12.740405	9.34547
NexPond-667376	-6.3180547	8.444728
NexPond-667581	1.5278273	-1.2853597
NexPond-667677	-6.3625073	6.223309
NexPond-667773	-6.5289826	9.641595
NexPond-667869	-1.8600776	11.673189
NexPond-668048	-8.674383	6.6639333
NexPond-668144	-10.005643	7.647573
NexPond-668240	-9.118611	6.5422177
NexPond-668336	-7.6302433	3.3190238
NexPond-668652	-7.656753	9.087963
NexPond-668748	12.438107	13.129288
NexPond-668943	-3.325845	-1.7694825
NexPond-669039	-12.402531	8.47262
NexPond-669135	-0.5629392	23.808329
NexPond-669231	-8.658169	13.657351
NexPond-669468	-8.612833	12.7317505
NexPond-669562	-8.835763	13.361706
NexPond-669658	-8.805223	13.589696
NexPond-669754	-5.7724433	8.074098
NexPond-669854	-5.1495943	7.849851
NexPond-669950	-7.22974	10.350612
NexPond-670046	-6.6536994	10.7384615
NexPond-670142	10.711371	8.744199
NexPond-670370	-5.7089133	11.455645
NexPond-670466	-7.0869985	11.362015
NexPond-670562	-6.6595044	7.655872
NexPond-670658	-8.597767	8.4336605
NexPond-670822	-5.509654	12.57448
NexPond-670918	-6.342459	11.24537
NexPond-671014	16.096945	8.512113
NexPond-671110	-7.3552175	4.2525353
NexPond-671210	-6.265936	-1.6143401
NexPond-671306	-10.12457	8.524158
NexPond-671402	-7.386613	3.6230938
NexPond-671498	24.548838	16.125347
NexPond-671668	-10.625091	7.715899
NexPond-671764	52.009045	-41.76742
NexPond-671860	-7.807619	1.4618272
NexPond-671956	-11.524855	8.308469
NexPond-672054	-10.334512	1.1504059
NexPond-672150	-7.400111	12.069754
NexPond-672246	15.423684	12.842415
NexPond-672342	-21.800896	18.64459
NexPond-672599	15.392293	13.026446
NexPond-672695	-7.2588687	9.757144
NexPond-672791	-2.4592113	-7.038988
NexPond-672887	-1.9795012	-8.094603
NexPond-672987	-2.7718043	-6.8787775
NexPond-673083	-19.68721	16.36533
NexPond-673179	-20.570292	17.495804
NexPond-673275	-20.082834	17.143097
NexPond-673520	-9.7865505	8.261739
NexPond-673616	-9.315406	9.155807
NexPond-673712	17.105436	10.883322
NexPond-673940	-19.825811	26.327026
NexPond-674036	-21.848536	29.215015
NexPond-674132	-3.907816	-5.894225
NexPond-674228	4.5143003	-3.1075768
NexPond-674328	-5.473506	34.503925
NexPond-674424	-5.6766114	34.60273
NexPond-674520	-18.067188	25.62394
NexPond-674616	-1.2266948	40.80284
NexPond-674748	-4.202265	-5.9137983
NexPond-674844	-5.225043	-4.917548
NexPond-674940	1.5522895	-8.018759
NexPond-675036	-29.183594	24.871904
NexPond-675148	-10.318017	10.001248
NexPond-675244	14.220203	11.459287
NexPond-675340	1.3309977	-7.8338385
NexPond-675436	-4.887672	-5.2033277
NexPond-675536	13.293625	12.1677475
NexPond-675632	-20.36298	25.560629
NexPond-675728	-6.515547	33.17187
NexPond-675987	4.4029827	46.68348
NexPond-676083	-7.8640456	35.770805
NexPond-676179	-6.415448	33.398785
NexPond-676275	-7.626426	33.412655
NexPond-676428	-17.327446	38.06838
NexPond-676524	-18.591375	28.138628
NexPond-676620	-21.772545	31.244547
NexPond-676716	-19.496992	31.325571
NexPond-676953	-20.01549	37.451435
NexPond-677049	-22.039719	37.520737
NexPond-677145	-19.95425	35.444527
NexPond-677241	-19.184343	35.117367
NexPond-677448	-25.28217	24.976433
NexPond-677544	-21.917253	23.804678
NexPond-677640	-18.858868	30.798277
NexPond-677736	-22.293907	39.288494
NexPond-677956	-21.590612	33.034763
NexPond-678052	-17.925219	37.804466
NexPond-678148	-20.71854	39.31346
NexPond-678244	-25.977156	38.21267
NexPond-678392	-19.87016	37.82596
NexPond-678488	-29.309826	41.571983
NexPond-678584	-32.006905	43.296104
NexPond-678680	-40.1989	25.087648
NexPond-678868	-19.920027	39.203697
NexPond-678964	-19.657637	39.75257
NexPond-679060	-19.88826	38.820477
NexPond-679156	-21.76623	36.679844
NexPond-679388	-20.331398	36.650177
NexPond-679484	-28.25436	34.904736
NexPond-679580	-27.742163	39.64444
NexPond-679676	-27.733034	34.57004
NexPond-679776	-19.54835	36.37994
NexPond-679872	-28.237556	45.591297
NexPond-679968	-27.947815	40.675236
NexPond-680064	-19.637098	37.94688
NexPond-680288	-20.009426	36.226116
NexPond-680384	-21.120085	37.041466
NexPond-680480	-29.429699	36.03467
NexPond-680576	-28.35942	35.95226
NexPond-680828	-18.94863	36.160217
NexPond-680924	-22.31026	24.278984
NexPond-681020	-27.065397	37.011265
NexPond-681116	-19.741089	31.255135
NexPond-681216	-27.80124	40.28191
NexPond-681312	-28.21793	34.52924
NexPond-681408	-28.034945	33.901966
NexPond-681504	-23.697414	29.884583
NexPond-681768	34.821434	14.15264
NexPond-681864	-44.546944	33.296062
NexPond-681960	-45.069492	32.836025
NexPond-682056	-45.14245	32.78373
NexPond-682156	-22.724358	33.589657
NexPond-682252	-27.458094	37.188133
NexPond-682348	-28.987873	35.713078
NexPond-682444	-29.57442	39.333412
NexPond-682728	-19.55807	16.09863
NexPond-682824	-19.780975	17.56131
NexPond-682920	-24.376938	36.722855
NexPond-683016	18.881716	23.383505
NexPond-683128	-28.783195	30.552029
NexPond-683220	-35.38658	42.99885
NexPond-683316	-32.938007	42.533077
NexPond-683412	-34.564682	38.58462
NexPond-683708	-20.321238	17.884151
NexPond-683804	-24.654703	34.980995
NexPond-683900	-38.123997	24.71753
NexPond-683935	-25.34901	17.805895
NexPond-684035	-19.425734	17.281797
NexPond-684131	-36.104424	27.757282
NexPond-684227	-37.037327	39.558037
NexPond-684322	-34.88136	27.596546
NexPond-684588	-31.90607	28.539268
NexPond-684684	-33.940414	27.403961
NexPond-684780	-33.787464	29.953018
NexPond-684876	-38.844524	25.197208
NexPond-684971	-28.444489	25.115913
NexPond-685067	-23.453705	27.982622
NexPond-685163	-23.824017	34.30234
NexPond-685259	-29.596382	27.28794
NexPond-685448	-23.129162	35.610012
NexPond-685544	-35.409664	31.87191
NexPond-685640	-38.080334	36.806786
NexPond-685736	-29.864511	42.4716
NexPond-685928	-25.98057	29.001987
NexPond-686024	-26.501364	30.109919
NexPond-686120	-33.459618	38.920826
NexPond-686216	-26.432175	32.098774
NexPond-686316	-28.344378	45.250813
NexPond-686412	-29.704798	42.27415
NexPond-686508	-26.596031	41.10826
NexPond-686604	-31.909643	42.509407
NexPond-686868	-22.810024	34.4336
NexPond-686964	-23.859783	24.449001
NexPond-687060	-24.179144	36.550316
NexPond-687156	-23.722569	37.923233
NexPond-687256	-24.161707	26.123718
NexPond-687352	-26.269905	28.532097
NexPond-687448	-36.08434	33.044304
NexPond-687544	-42.24077	25.270033
NexPond-687848	-29.451529	25.458815
NexPond-687944	-26.472584	28.052807
NexPond-688040	-37.13424	37.008404
NexPond-688136	-32.22727	26.55929
NexPond-688248	-23.427214	24.401482
NexPond-688344	-35.754322	32.29948
NexPond-688440	-39.09229	38.697693
NexPond-688536	-26.094414	34.826275
NexPond-688636	-25.43033	36.940327
NexPond-688732	-25.377193	26.280348
NexPond-688828	-25.21071	28.76258
NexPond-688924	-19.44479	23.318283
NexPond-689168	-19.79457	23.617294
NexPond-689264	-20.664211	25.63687
NexPond-689360	-22.052616	18.530653
NexPond-689456	-26.106531	22.335323
NexPond-689572	-26.138655	26.84939
NexPond-689668	-26.63674	27.47303
NexPond-689764	-25.277723	40.036682
NexPond-689860	-34.395382	45.543766
NexPond-690028	-33.382225	36.956512
NexPond-690124	-25.207443	26.965242
NexPond-690220	-31.739338	38.171772
NexPond-690316	-30.946041	42.55772
NexPond-690468	-26.245125	32.315384
NexPond-690564	-26.33903	29.119976
NexPond-690660	-32.39269	27.276842
NexPond-690756	-32.037132	26.879707
NexPond-691008	-22.754597	35.012165
NexPond-691104	-25.399313	29.424381
NexPond-691200	-21.878567	35.924755
NexPond-691296	-26.379725	35.024254
NexPond-691568	-24.453613	26.56103
NexPond-691664	-18.60677	36.5479
NexPond-691758	-21.79955	31.751125
NexPond-691854	-27.956459	32.626133
NexPond-691968	-30.020258	45.440617
NexPond-692064	-30.321512	45.576454
NexPond-692160	-26.551702	29.851238
NexPond-692256	-25.139389	17.873438
NexPond-692356	-26.770903	31.342146
NexPond-692452	-24.567713	27.706556
NexPond-692548	-30.023434	32.3175
NexPond-692644	-22.768185	41.795033
NexPond-692844	-16.204346	34.17466
NexPond-692940	-27.501127	38.27608
NexPond-693036	-34.67315	36.75013
NexPond-693132	-27.190237	35.814568
NexPond-693568	-30.08413	46.54968
NexPond-693664	-33.22569	27.070107
NexPond-693760	-39.13815	38.524727
NexPond-693856	-28.618378	27.732595
NexPond-694051	-32.493652	45.61349
NexPond-694147	-38.083534	41.75919
NexPond-694243	-30.751978	43.567093
NexPond-694528	-24.964308	31.215832
NexPond-694624	-37.265713	43.115246
NexPond-694720	-23.332006	40.417202
NexPond-694816	-32.01033	39.609993
NexPond-694923	-25.498573	32.03496
NexPond-695019	-36.208595	41.801453
NexPond-695115	-24.180082	35.816776
NexPond-695211	-28.215855	43.05339
NexPond-695488	-24.342844	43.358463
NexPond-695584	-25.350365	34.586884
NexPond-695680	-24.63338	40.65985
NexPond-695776	-27.50932	43.224346
NexPond-695876	-32.31184	45.33891
NexPond-695972	-29.14859	41.315517
NexPond-696068	37.77497	23.045
NexPond-696164	37.76453	23.007826
NexPond-696428	-30.22086	45.047985
NexPond-696524	-30.295654	45.241875
NexPond-696620	-30.364767	37.805775
NexPond-696716	-42.140697	25.213352
NexPond-697228	-9.313738	30.453856
NexPond-697324	-20.899355	29.09074
NexPond-697508	-16.100471	33.971336
NexPond-697604	-24.934624	23.430698
NexPond-697700	-23.226631	25.281265
NexPond-697796	-26.17045	22.765366
NexPond-697988	-24.352531	22.264454
NexPond-698072	-24.759277	23.22355
NexPond-698156	-20.983965	44.533947
NexPond-698252	-20.87539	44.505245
NexPond-698352	-17.200977	35.18634
NexPond-698448	4.5730205	47.237106
NexPond-698544	-18.918287	33.487392
NexPond-698640	-19.48999	33.798084
NexPond-699008	-22.74069	43.27707
NexPond-699104	-23.755457	40.739254
NexPond-699200	-42.730476	29.971859
NexPond-699296	-33.490227	33.392334
NexPond-699396	-35.48311	38.772373
NexPond-699492	-42.558887	29.844051
NexPond-699587	-37.880993	30.853504
NexPond-699683	-33.504967	33.684383
NexPond-699868	1.9567411	47.95652
NexPond-699964	-36.421234	39.25394
NexPond-700060	-40.46599	38.41605
NexPond-700156	-37.176476	24.183157
NexPond-700348	-36.30168	42.23247
NexPond-700444	-37.251232	37.157654
NexPond-700606	-20.247776	33.489986
NexPond-700702	-22.509256	42.618702
NexPond-700798	-25.99508	41.649437
NexPond-700894	-17.975527	33.99113
NexPond-701008	-27.55592	27.381777
NexPond-701104	-28.42305	27.68915
NexPond-701200	-37.204388	31.039232
NexPond-701296	-41.417652	29.86057
NexPond-701532	-31.125004	27.846163
NexPond-701628	-36.475994	29.149878
NexPond-701724	-40.968704	39.74651
NexPond-701820	-39.176056	33.941948
NexPond-701920	-28.13967	32.53571
NexPond-702016	-31.676235	27.09453
NexPond-702112	-32.818165	35.16613
NexPond-702208	-32.38975	34.93283
NexPond-702468	-20.24194	35.164257
NexPond-702564	-34.141506	39.28295
NexPond-702660	-26.313448	36.178474
NexPond-702756	-16.58301	36.49543
NexPond-702856	-21.059439	41.665367
NexPond-702952	-35.634853	35.677826
NexPond-703048	-32.688606	32.141254
NexPond-703144	-31.601728	33.902367
NexPond-703408	-17.853603	-0.04459851
NexPond-703504	-32.82668	31.844881
NexPond-703600	-25.238728	16.991537
NexPond-703696	-25.377861	17.485506
NexPond-703796	1.9466267	47.914852
NexPond-703892	-23.795782	38.514263
NexPond-703988	-31.865154	33.703518
NexPond-704084	-24.981989	42.897236
NexPond-704288	-16.793133	37.210503
NexPond-704384	-33.01479	37.721504
NexPond-704480	-31.927372	37.63362
NexPond-704576	-32.051476	37.024387
NexPond-704768	-16.726427	35.312664
NexPond-704864	-23.908815	42.14813
NexPond-704960	-32.267387	40.59608
NexPond-705056	-24.819998	42.2779
NexPond-705210	-25.69622	32.86824
NexPond-705306	-27.85922	31.998259
NexPond-705402	-32.01592	24.392693
NexPond-705498	-32.11805	24.346441
NexPond-705758	-26.882078	24.94347
NexPond-705854	-36.424095	41.14767
NexPond-705950	-37.96584	41.838753
NexPond-706046	-29.286802	43.03771
NexPond-706148	-29.130228	25.008377
NexPond-706244	-28.214432	27.448599
NexPond-706340	-39.542305	30.875826
NexPond-706436	-38.48516	33.695797
NexPond-706708	-25.649145	43.668514
NexPond-706804	-25.551756	43.44778
NexPond-706900	-41.747654	27.826878
NexPond-706996	-40.292923	31.39064
NexPond-707096	-25.90877	44.44957
NexPond-707192	-42.91096	36.913677
NexPond-707288	-42.686474	37.004364
NexPond-707384	-24.722805	41.756638
NexPond-707592	-40.91248	40.610928
NexPond-707688	-40.962048	40.294537
NexPond-707784	-41.24375	37.45544
NexPond-707880	-39.088306	32.99951
NexPond-708169	-29.805822	34.310116
NexPond-708265	-29.591017	34.531597
NexPond-708361	-38.58136	33.035213
NexPond-708460	-30.706636	35.686306
NexPond-708556	-30.492073	35.675316
NexPond-708652	-43.410786	29.704166
NexPond-708748	-43.091934	34.770527
NexPond-709008	-29.048237	37.632496
NexPond-709104	-39.731945	31.161234
NexPond-709200	-41.741264	37.141525
NexPond-709296	-39.118195	30.211407
NexPond-709688	-39.509747	26.138535
NexPond-709784	-41.501575	35.21003
NexPond-709880	-39.652973	26.596762
NexPond-709976	-40.22493	27.773224
NexPond-710168	-32.446453	38.648136
NexPond-710264	-33.392136	31.888762
NexPond-710360	-34.825832	34.64904
NexPond-710456	-33.148857	42.882755
NexPond-710556	-38.22625	35.011494
NexPond-710652	-39.148376	40.81887
NexPond-710748	-35.263397	34.669716
NexPond-710844	-38.10248	28.869322
NexPond-711088	-20.705408	34.62284
NexPond-711184	-29.574625	28.559261
NexPond-711280	-42.96342	35.187965
NexPond-711376	-40.33944	40.76554
NexPond-711476	-42.10907	34.77009
NexPond-711572	-31.840414	31.510992
NexPond-711668	-36.470673	38.003456
NexPond-711764	-35.799217	37.412563
NexPond-711868	-23.522345	33.92692
NexPond-711964	-36.046566	41.74416
NexPond-712060	-33.362995	40.19008
NexPond-712156	-29.650845	28.873514
NexPond-712288	-35.675266	43.14707
NexPond-712384	-28.726637	29.391241
NexPond-712480	-34.72261	38.044315
NexPond-712576	-32.71764	34.457527
NexPond-712808	-27.040638	28.905317
NexPond-712904	-22.131462	27.07176
NexPond-713196	-30.343973	30.25116
NexPond-713292	-34.431675	41.70841
NexPond-713388	-30.773802	31.106161
NexPond-713484	-29.866808	29.2675
NexPond-713768	-37.714863	28.574919
NexPond-713864	-34.46057	41.332985
NexPond-713960	-38.66652	40.561863
NexPond-714056	-35.981464	38.65482
NexPond-714156	-38.990753	34.75332
NexPond-714252	-39.308384	29.60895
NexPond-714348	-39.769318	30.191511
NexPond-714444	-38.61467	31.317791
NexPond-715148	-38.839344	31.683477
NexPond-715244	-37.203827	34.96273
NexPond-715340	-35.726788	37.097897
NexPond-715436	-38.708115	30.858932
NexPond-715632	-39.25678	28.985844
NexPond-715728	-40.139668	29.743761
NexPond-715824	-37.343723	29.44646
NexPond-716115	-34.26628	27.836746
NexPond-716211	-29.946913	25.709017
NexPond-716307	-33.39475	29.282934
NexPond-716403	-37.829685	34.83398
NexPond-716606	-27.792429	29.131277
NexPond-716702	-34.5033	35.721313
NexPond-716798	-34.087532	38.13895
NexPond-717084	-32.74507	28.490831
NexPond-717999	-40.781746	28.99616
NexPond-718195	-23.573565	43.12239
